id,store_id,name,description,price,category,image_url
1,1,맨홀크림 Night,(Only ice),8000,,
2,1,맨홀핸드드립,,9000,,
3,1,맨홀핸드드립,,9000,,
4,1,카페 라떼,,6300,,
5,1,맨홀라떼,,6800,,
6,1,베트남 커피,,6800,,
7,1,맨홀 오가닉 프루트 탄산티,,8000,,
8,1,맨홀아포가토,,7500,,
9,1,선샤인 드링크,(Only ice),7500,,
10,1,맨홀 카카오 (ICE),,6500,,
11,1,맨홀 카카오 (HOT),,6500,,
12,1,로얄 다즐링 임페리얼티,,7500,,
13,1,내추럴 오가닉 프루트티,,7500,,
14,1,맨홀 B52,,8000,,
15,1,맨홀 화이트러시안,,10000,,
16,1,에티오피아 아바야 게이샤,맨홀커피 에티오피아 아바야 게이샤 G1 내추럴 입니다.,12000,,
17,1,에티오피아 아바야 게이샤,맨홀커피 에티오피아 아바야 게이샤 G1 내추럴 입니다.,12000,,
18,1,맨홀크림 Black (ice),,7000,,
19,1,맨홀크림 Black (hot),,7000,,
20,1,맨홀크림 White,(Only ice),7500,,
21,1,맨홀크림 Light,(Only ice),7500,,
22,2,아인슈페너,,4500,,
23,2,솔트라떼,,4500,,
24,2,쑥크림라떼,,5000,,
25,2,카페라떼,,2500,,
26,2,다방커피,,3500,,
27,2,콜드브루,,3500,,
28,2,스페셜티커피,,3000,,
29,2,헤이즐넛아메리카노,,3000,,
30,2,바닐라라떼(파우더),,3500,,
31,2,헤이즐넛라떼,,3500,,
32,3,아이스브륄레,,5500,,
33,3,옥수슈페너,,6500,,
34,3,시그니처라떼,,5500,,
35,3,티라미슈페너,,6500,,
36,3,흑임자라떼,,5500,,
37,3,아인슈페너 블랙,,5500,,
38,3,바닐라라떼,흡사 죠리퐁의 고소함을 느낄 수 있는 바닐라소스가 들어간 라떼,5000,,
39,4,버터스카치 라떼,,6500,,
40,4,아인슈페너,,6500,,
41,4,카푸치노,,4500,,
42,4,카페라떼 바닐라,,5500,,
43,4,허니카페라떼,,6000,,
44,4,카페라떼,,5000,,
45,4,오늘의 아메리카노,,4500,,
46,4,에디오피아 스페셜티커피,,6500,,
47,4,하이앤드 스페셜티커피,,14500,,
48,4,과테말라 스페셜티커피,,6500,,
49,5,댓 아인슈페너,,7000,,
50,5,카페라떼,,5000,,
51,5,바닐라라떼,,5500,,
52,5,아메리카노,,4800,,
53,6,창경궁,액션커피의 시그니쳐 메뉴로서 티와 커피의 중간느낌으로 산뜻하고 화려하면서 입안을 감싸는 향,9000,,
54,6,블랜드 블랙스톤핸드드립,고소하고 부드러운 2022년 시즌 블랜드 핸드드립,6500,,
55,6,바이올렛스톤더치,액션커피의 대표 선수^^향미가 느껴지는 새로운 느낌의 더치커피,7000,,
56,6,스페셜티커피,매월 소개되는 특별한 스페셜티 커피,0,,
57,6,베리스톤 더치커피,에티오피아의 느낌을 더치로!,8000,,
58,6,블루마운틴 유기농싱글빈 핸드드립커피,블루마운틴 싱글빈 유기농커피입니다,6500,,
59,6,디카페인)콜롬비아 슈가케인,디카페인 커피가 맛없다는 편견을 깨주는 맛,7000,,
60,7,카푸치노,,5500,,
61,7,시즈널티,,6000,,
62,7,카라멜라떼,,5500,,
63,7,초콜렛드링크,,6000,,
64,7,스페셜티 커피,6500~,0,,
65,7,아메리카노,,5500,,
66,7,카페라떼,,5500,,
67,7,콜드브루,,6000,,
68,7,바닐라라떼,,6000,,
69,8,라떼,,5000,,
70,8,바닐라 라떼,,5800,,
71,8,아인슈페너,,6000,,
72,8,피스타치오 라떼,,6500,,
73,8,홍백합차,,6000,,
74,8,단호박 라떼,,6000,,
75,8,흑임자 라떼,,6000,,
76,8,쑥차,,6500,,
77,8,보이숙차,,6500,,
78,8,크림브릴레,,4500,,
79,8,디카페인 커피,,5800,,
80,8,코스타리카,,5500,,
81,8,과테말라,,5500,,
82,8,예가체프 G1,,5500,,
83,8,콜롬비아 게이샤(스페셜티 커피),,7500,,
84,9,바닐라 라떼,부드럽고 달콤한 바닐라 라떼,6200,,
85,10,콜드브루,,6500,,
86,10,바닐라라떼,,6000,,
87,10,브루잉커피,"싱글 램덤 로스팅, 매주 바뀌는 스페셜 핸드드립 커피",7000,,
88,11,마그마 크러쉬(only ice),,6000,,
89,11,바닐라라떼 HOT,,6000,,
90,11,카페라떼 ICE,,5000,,
91,11,카페라떼 HOT,,5000,,
92,11,아메리카노 HOT,,4500,,
93,11,아메리카노 ICE,,4500,,
94,11,흑임자 아인슈페너(only ice),,6000,,
95,11,화이트 아인슈패너(only ice),,6500,,
96,11,콜드브루 아인슈페너(only ice),,6000,,
97,11,콜드브루 토닉,,5500,,
98,11,콜드브루,,5000,,
99,11,바닐라라떼 ICE,,6000,,
100,12,아메리카노,누구나 편히 즐기실수있는 스윗비터 미디움바디의 라운드한 마우스필을 느낄수 있는 커피,3500,,
101,12,핸드드립커피,매일 매일 커피 볶는 요정네서 그날의 커피를 추천합니다 허쉬와 쥬시중에 선택해보세요 :,6000,,
102,12,아인슈페너,"향긋하고 부드러운 더치커피에 수제 크림의 만남
말해모하겠어요 요정의 픽입니다♡",5500,,
103,13,핸드드립(스페셜티),스페셜티급이상의생두를 로스팅하여고객님취향에따라맛있게내려드립니다,6000,,
104,14,화이트비치라떼,"카페 화이트비치의 시그니처라떼
(부드럽고 고소한 라떼)",5800,,
105,14,블랙비치라떼,"시그니처라떼
(직접만든 아몬드프랄린과 수제크림)",6300,,
106,14,아메리카노,,4300,,
107,15,디카페인 아메리카노,늦은오후에도 부담없이 디카페인으로,5500,,
108,15,카페라떼,부드럽고 깔끔한 라떼,4900,,
109,15,디카페인카페라떼,"늦은오후 라떼가 생각날 때,",5900,,
110,15,돌체라떼,달콤하고 부드러운 연유라떼,6000,,
111,15,바닐라라떼,"당이 필요한날, 바로 바닐라라떼",6000,,
112,16,디카페인,모든 커피 음료 디카페인 변경 가능,0,,
113,17,Ainspanner,,6500,,
114,17,Vanilla bean latte,,6000,,
115,17,Cinnamon cappuccino,,6000,,
116,17,Dutch coffee,,6000,,
117,17,Dutch latte,,6500,,
118,17,Espresso,,5000,,
119,17,Whisky,,0,,
120,17,Americano,,5200,,
121,17,Flat white,,5800,,
122,17,Cafe latte,,5800,,
123,18,카이막,"터키에서 온 천상의 맛 ""카이막""
세계 원탑 카이막을 알렉산디노에서 만나보십시오.",14000,,
124,18,카페라떼,맛있는 라떼의 정의를 새로 내려드리겠습니다.,6500,,
125,18,데일리 아메리카노,매일매일 먹어야 하는 아메리카노라면 최상급의 커피로 로스팅한 카페인이 거의 없는 커피로.,4900,,
126,19,바닐라빈 라떼,마스코바도 설탕과 바닐라빈으로 만드는 수제 바닐라빈라떼,6000,,
127,19,콜드브루 아메리카노,"콜드브루 플레이버는 그대로, 마시기 편한 농도의 아메리카노 (다크 / 라이트 / 디카페인)",6000,,
128,20,아메리카노,,4000,,
129,20,카페라떼,,5000,,
130,20,유기농바닐라빈라떼,,5500,,
131,20,돌체콜드브루,,5500,,
132,20,바닐라크림콜드브루,,5800,,
133,20,필터커피,성수동에서 직접 로스팅한 다양한 스페셜티 커피를 바리스타가 직접 내려주는 핸드드립 커피,0,,
134,21,핸드드립 커피,,0,,
135,21,디저트,,0,,
136,22,이용권없이 12월31일까지 연장합니다,너무 많은 분들에 성원에 12월31일까지 이용권(입장권)없이 음료주문만으로 이용가능합니다,0,,
137,22,맨홀 드립 아인슈페너 아이스,맨홀의 과태말라드립커피에 맨홀레시피 크림이 올라간 깔끔함이 장점인 최상급 맨홀 아인슈페너,8000,,
138,22,맨홀 드립 아인슈페너 핫,맨홀의 과태말라드립커피에 맨홀레시피 크림이 올라간 깔끔함이 장점인 최상급 맨홀 아인슈페너,8000,,
139,23,카페라떼,,6500,,
140,23,바닐라라떼,,6500,,
141,24,아메리카노,,5500,,
142,24,플랫화이트,,6000,,
143,24,티,,6000,,
144,24,크로아상,,5500,,
145,24,카야 페스추리,,6500,,
146,24,클래식 뺑스위스,,6500,,
147,24,갈릭고구마 페스츄리,,5500,,
148,24,올리브 치아바타,,4200,,
149,24,명란치즈 치아바타,,5800,,
150,24,페파로니 치아바타,,5800,,
151,24,쑥절미 갸또 피스,,9500,,
152,24,베리갸또쇼콜라 피스,,9500,,
153,24,수플레치즈 피스,,8500,,
154,24,흑임자 갸또 피스,,9500,,
155,24,필터커피,,0,,
156,24,베리쇼콜라 갸또 피스,,9500,,
157,24,바닐라 라떼,소울마켓만의 프리미엄 바닐라빈 라떼,7000,,
158,25,피스타치오 페스츄리,직접 개발한 피스타피오 크림과 버터의 풍미가 좋은 페스츄리,7000,,
159,25,콜드브루,숙련된 바리스타들이 10시간 동안 추출한 점적식 콜드브루 복합적인 향미와 단맛이 일품,6000,,
160,25,콜드빙하 [ 아인슈페너 ],직접 매장에서 추출하는 콜드브루 베이스 위 수제크림이 들어간 특허출원 된 시그니처 커피,6500,,
161,26,아인슈페너,,5800,,
162,26,모카,,5500,,
163,26,아포가토,,6500,,
164,26,드립커피,,0,,
165,26,아메리카노,,4500,,
166,26,콘파냐,,4500,,
167,26,마끼아또,,4500,,
168,26,피콜로,,4500,,
169,26,플랫화이트,,5000,,
170,26,카페라떼,,5000,,
171,26,카푸치노,,5000,,
172,26,바닐라라떼,,5500,,
173,27,캐다멈,,7500,,
174,27,콜드브루 게이샤,,7500,,
175,27,필터커피,,0,,
176,27,아메리카노,,6000,,
177,27,라떼,,6500,,
178,27,플랫화이트,,6500,,
179,27,피넛버터,,7500,,
180,27,솔티드크리머리,,6500,,
181,27,시트리코,,7500,,
182,28,콜드브루 라떼,,5700,,
183,28,스페셜티 라떼,,6500,,
184,28,모과 차(계절 시즌),,5300,,
185,28,[꽃 차],,5300,,
186,28,카페라떼,,4500,,
187,28,카푸치노,,4500,,
188,28,플랫화이트,,4500,,
189,28,연유라떼,,5000,,
190,28,모카라떼,,5000,,
191,28,카라멜라떼,,5000,,
192,29,더치크림라떼,,6000,,
193,29,흑임자크림라떼,,6000,,
194,29,카모마일,,4500,,
195,29,아메리카노,,4300,,
196,29,카페라떼,,5000,,
197,29,카푸치노,,5000,,
198,29,바닐라라떼,,5500,,
199,29,카페모카,,5500,,
200,30,아몬드라떼,,6000,,
201,30,호주식 카푸치노 (Hot),,5800,,
202,30,비엔나커피,,6500,,
203,30,아메리카노,,5000,,
204,30,플랫화이트,,5500,,
205,30,바닐라빈라떼,,6000,,
206,30,카페라떼,,5500,,
207,31,케냐,,5000,,
208,31,에티오피아,,5000,,
209,31,카페라떼,,5000,,
210,31,브라질,,5000,,
211,31,과테말라,,5000,,
212,31,콜롬비아,,5000,,
213,31,코스타리카,,5000,,
214,31,아메리카노,,4000,,
215,31,플랫화이트,,4500,,
216,31,아인슈페너,,5000,,
217,32,필터커피,,0,,
218,32,우디집 라떼,,6500,,
219,32,아포가토,,6000,,
220,32,아메리카노,,5500,,
221,32,라떼,,6000,,
222,32,초록차라떼,,7000,,
223,32,파인후루츠,,7000,,
224,32,플렛화이트,,6000,,
225,32,바닐라라떼,,6500,,
226,32,시나몬크로와콘,,9500,,
227,32,크림브륄레,,5500,,
228,33,아메리카노,가오픈 특가입니다.,2800,,
229,33,카페라떼,가오픈 특가입니다.,3500,,
230,33,(품절)미숫가루 라떼,,6800,,
231,33,(품절)카페 모카,,6500,,
232,33,스페니시 라떼,,6800,,
233,33,바닐라 라떼,,6800,,
234,33,아메리카노,,5500,,
235,33,토피넛 라떼,,6800,,
236,34,바닐라빈 플랫화이트,,4400,,
237,34,플랫화이트,,3900,,
238,34,롱블랙,,3400,,
239,35,카모마일(Chamomile),,7000,,
240,35,라떼(Latte),데바스테이트의 시그니처 블랜드로 고소하고 부드러운 단맛의 풍미를 느낄 수 있는 라떼,7000,,
241,35,플렛화이트(Flat White),,7000,,
242,35,넛 라떼(Nut Latte),"데바스테이트의 대표 메뉴
견과류의 고소함과 부드러운 단맛을 느낄 수 있는 대표 라떼",7500,,
243,35,바닐라 라떼(Vanilla Latte),"풍부한 바닐라향이 매력적인 라떼
*천연 바닐라빈을 사용하여 섭취 시,섬유질이 나올수있습니다",8000,,
244,35,넛 크림(Nut Cream),"데바스테이트의 대표 메뉴
견과류의 고소함과 부드러운 단맛을 느낄 수 있는 크림 커피",7500,,
245,35,버터크림(Butter Cream),직접 제조한 버터 스카치 소스로 스카치 캐러멜의 풍미와 달콤함을 느낄 수 있는 크림 커피,7500,,
246,35,콜드브루(Cold Brew),24시간 저온으로 우려내 에티오피아의 풍부한 향미와 단맛으로 가득 찬 콜드브루,6000,,
247,35,브루잉(Brewing),"에티오피아,케냐,브라질,게이샤,콜롬비아를 취향에 맞춰 드셔보실수 있습니다.",0,,
248,36,아메리카노,,2800,,
249,36,빅사이즈 아이스 아메리카노,,4200,,
250,36,꼬수운 플랫 화이트,,3500,,
251,36,카라멜 위드 샷,,4800,,
252,36,바닐라빈 위드샷,,4800,,
253,36,디카페인 콜드블루 아메리카노,,3500,,
254,36,디카페인 콜드블루 빅사이즈 아메리카노,,4700,,
255,36,디카페인 콜드블루 라떼,,4500,,
256,36,디카페인 콜드블루 헤이즐넛 아메리카노,,4500,,
257,36,디카페인 콜드블루 헤이즐넛 라떼,,5500,,
258,36,헤이즐넛 아메리카노,,3800,,
259,36,디카페인 콜드블루 스페니쉬 라떼,,5500,,
260,36,홍초 스파클링,,4100,,
261,36,카페라떼,,3800,,
262,36,프리미엄 메도우 카모마일 허브차,,4500,,
263,36,숏블랙,,3000,,
264,36,스페니쉬라떼,,4800,,
265,36,샤케라또,,4200,,
266,36,헤이즐넛 라떼,,4900,,
267,37,아메리카노,,2500,,
268,37,카페라떼,,3500,,
269,37,카푸치노,,3500,,
270,37,아인슈페너,,4000,,
271,38,카소나드(Casonade),콜드블루 베이스에 부드러운 크림이 올라간 시원하고 달콤-고소한 음료입니다.,5300,,
272,38,찰리브라운(Charlie Brown),,5300,,
273,39,칠러,,4800,,
274,39,스페셜티 라떼,,3000,,
275,39,코튼슈페너,,4000,,
276,39,디카페인 아메리카노,,3500,,
277,39,크림치즈라떼,,4200,,
278,39,Tea,,3000,,
279,40,스니퍼 라떼,,5800,,
280,40,커스터드 라떼,,6800,,
281,40,티,,6000,,
282,40,비스코티,,3800,,
283,40,비스킷 라떼 (Seasonal),,7000,,
284,40,블랙커피 (아메리카노),,5200,,
285,40,오트 라떼,,6000,,
286,40,데일리 커피,,5000,,
287,40,필터 커피 (핸드드립),,0,,
288,41,아메리카노,직접 개발하고 볶은 화사한 산미의 아메리카노,4300,,
289,41,카페 라떼,,4800,,
290,42,아인슈페너,스페셜티 콜드브루에 달콤한 연유 크림을 얹은 커피 음료,6200,,
291,42,콜드브루 연유라떼,스페셜티 콜드브루에 달콤한 연유가 들어간 달콤하면서 깔끔한 커피 음료,5200,,
292,42,콜드브루,바리스타의 정성으로 만들어 깔끔하고 풍미 있는 스페셜티 콜드브루,4500,,
293,43,Sparkling Ade,Orange / Pinkgrape / Lemon / Peach,8500,,
294,43,잠봉뵈르 뺑비에누아,"Jambon /Butter /Wholegrain Mustard
유기농 밀가루를 사용합니다",10500,,
295,43,트러플머쉬룸 포카치아,"Truffle Mushroom Focaccia
유기농 밀가루를 사용합니다",8500,,
296,43,뺑비에누아 무화과 크림치즈,Pain Viennoise Fig Creamcheese,8000,,
297,43,아메리카노,"Americano
낮은톤의 산미와 스위트한 향미의 발란스",6500,,
298,43,올리브 치아바타,"Olive Ciabatta
유기농 밀가루를 사용합니다",5300,,
299,43,연유버터라우겐,Butter Laugenstange,5700,,
300,43,시나몬프레즐,"Cinnamon Pretzel
유기농 밀가루를 사용합니다",6400,,
301,43,뺑오쇼콜라,Paun Au Chocolat,5500,,
302,43,더블뺑오,Double Pain Au,5800,,
303,43,퀴니아망,Kouign Amann,5000,,
304,43,빨미가레,Palmier carré,6700,,
305,43,애플턴오버,Apple Turnover,6500,,
306,43,아인슈페너,Einspanner,7500,,
307,43,아포가토,"Affogato

Espresso / IceCream / Cream",9500,,
308,44,아메리카노,,4500,,
309,44,라떼,,5000,,
310,44,오가닉 티,,5000,,
311,44,필터커피,,0,,
312,44,스몰라떼,,4800,,
313,44,썸머라떼,,6000,,
314,44,더치,,5000,,
315,44,아몬드 라떼,,5500,,
316,45,금호호두라떼 [단품],,5800,,
317,45,한남캔디라떼 [단품],,5800,,
318,46,[소금집] 프리미엄 잠봉뵈르,"최상급 재료로 만든 프리미엄 잠봉뵈르. 소금집 잠봉, 프랑스AOP 귀족버터, 프랑스 바게트",12000,,
319,46,시즈널 게이샤,"커피의 여왕, 계절과 어울리는 합리적인 금액의 꽃과 과일향이 가득한 게이샤를 소개합니다.",7000,,
320,46,하이엔드 커피 (프로페셔널 핸드드립),"커피 경험을 향상시키는 전 세계의 하이퀄리티 스페셜티, 수석 바리스타의 전문적인 핸드드립",0,,
321,46,아메리카노,"시그니처 블랜드
(스탠다드 다크 / 스탠다드 라이트 / 스탠다드 디카페인)",5000,,
322,46,카페라떼,,6000,,
323,47,카페라떼,,4500,,
324,47,카푸치노,,4500,,
325,47,바닐라라떼,,4500,,
326,47,카라멜 마끼야또,,4500,,
327,48,아메리카노,,3900,,
328,48,복식 커피,시나몬 크림과 함께 마시는 시그니처 메뉴에요!,5500,,
329,48,바닐라 라떼,달달한 커피가 필요할땐 바로 바닐라!,4800,,
330,48,아인슈패너,크림을 올려 함께 마시는 커피에요!,4800,,
331,48,모카/카라멜,,5500,,
332,48,과테말라 디카페인,카페인을 99.9% 제거한 과테말라 디카페인이에요!,5500,,
333,48,티,Tavalon사의 티를 사용해요!,4500,,
334,49,아인슈페너,,5500,,
335,49,구들 아몬드크림라떼,,5500,,
336,49,구들커피,,5500,,
337,49,황구라떼,,5800,,
338,49,오구오구커피,,5500,,
339,49,흑임자라떼,,5800,,
340,49,아메리카노,,3500,,
341,49,카페라떼,,4000,,
342,50,espresso,,3800,,
343,50,Tiramisu,,7000,,
344,50,strapazzato,,3800,,
345,50,con panna,,4000,,
346,50,romano,,4800,,
347,50,Granita,,5000,,
348,50,americano,,5000,,
349,51,로투스스모어,,4300,,
350,51,아메리카노,3가지 다른 타입의 아메리카노 블렌드와 디카페인 커피,5500,,
351,51,카페라떼,라떼 맛집 윈스의 부드럽고 고소한 라떼,6000,,
352,51,플랫화이트,,6000,,
353,51,수제 바닐라빈 라떼,마다가스카르산 최상의 바닐라빈으로 직접 만든 부드럽고 깊은 맛,6500,,
354,52,Americano (BLEND),,3000,,
355,52,Latte (BLEND),,4000,,
356,52,Filter Coffee,,7000,,
357,52,Vanilla Coffee,,4500,,
358,52,Rice Coffee,,6000,,
359,52,Milk Tea,,6000,,
360,52,Ade,,6000,,
361,53,애플 카다멈 티,Hot / Iced 모두 가능,6500,,
362,53,카페모카,Hot / Iced 가능,6500,,
363,53,콜롬비아 엘 디비소 시드라 내추럴,,7000,,
364,53,콜롬비아 엘 디비소 옴블리곤 내추럴,,7500,,
365,53,콜롬비아 엘 디비소 아히COE 내추럴,,7000,,
366,53,콜롬비아 엘 디비소 자바 내추럴,,7000,,
367,53,콜롬비아 로스구아야보스썬라이즈 디카프,콜롬비아 로스 구아야보스 썬라이즈 Exp 디카페인,7000,,
368,53,콜롬비아 로스 카칭고스 게샤 워시드,Auction Lot,7500,,
369,53,엘살바도르 산 니콜라스 파카마라내추럴,,7500,,
370,53,에티오피아 할로 하투메 G1 워시드,"HOT, ICE 가격 동일",6500,,
371,53,에티오피아 예가체프 하루 수케 내추럴,"HOT, ICE 가격 동일",6500,,
372,53,아메리카노,"L20, L23 택1 / HOT, ICE 가격 동일",5500,,
373,53,쇼콜라떼,Hot / Iced 가능,6500,,
374,53,콜드브루,L20 / L23 / Single 택1 / Iced only,5500,,
375,53,[Tea]피치우롱(우롱티),"HOT, ICE 가격 동일",5300,,
376,53,[Tea]후르츠 드림[과일티],"HOT, ICE 가격 동일",5300,,
377,53,마차슈(1ea),,3500,,
378,53,다크 쇼콜라,,5500,,
379,53,더치 마차 라떼,,7000,,
380,53,마차 라떼,,6500,,
381,53,유자 아메리카노,Iced only,6500,,
382,53,버터 스카치 라떼,Iced only,6500,,
383,54,아메리카노,기본이 되는 중심메뉴,5500,,
384,55,카페라떼,,4200,,
385,55,카푸치노,,4200,,
386,55,바닐라라떼,,4500,,
387,55,카페모카,,4500,,
388,55,카라멜크림 마끼아또,,4500,,
389,55,연유라떼,,4500,,
390,55,콜드프레소 더블링,,4000,,
391,55,아인슈패너,,4200,,
392,55,오리지널 콜드브루,,4200,,
393,55,콜드브루 라떼,,4500,,
394,55,바닐라 크림 골드브루 라떼,,4900,,
395,55,카라멜 토피 넛,,3800,,
396,55,발로나 리얼 쇼콜라,,4800,,
397,55,스트로베리 크림,,4800,,
398,55,얼글레이 하이피치,,4200,,
399,55,데일리 스페셜티 블렌드,,2000,,
400,55,과테말라 스페셜티 블렌드,,2800,,
401,55,케냐 AA TOP,,3500,,
402,55,에티오피아 구지 G1,,3800,,
403,56,아메리카노,,4500,,
404,56,라떼,,5000,,
405,56,바닐라 라떼,,5500,,
406,56,Filter Coffee,,0,,
407,57,크림치즈,필라델피아 크림치즈를 사용하여 양을 아끼거나 인위적으로 부풀리지 않고 건강하고 정직한 레시피로 매일 아침 매장에서 직접 만듭니다.,3900,,
408,58,아메리카노,"코어의 메인 블렌드
‘The Core’ 입니다.",2800,,
409,58,카페 라떼,코어의 메인 블렌드 ‘The Core’ 입니다.,3500,,
410,58,바닐라 라떼,"매일 하루 전 직접 베이스를 만들고
냉침 합니다.",3800,,
411,59,카페라떼,,3500,,
412,60,주간커피,주단위로 바뀌는 추천 필터커피,4500,,
413,61,에티오피아 구지 겔라나 게이샤,,14000,,
414,61,유자비앙코,,7500,,
415,61,초당옥수수라떼,,7500,,
416,61,예멘모카마타리,,11000,,
417,61,카나페,,8900,,
418,61,먹태,,15000,,
419,61,반건조오징어,,15000,,
420,61,더치아메리카노,케냐마사이,7000,,
421,61,더치라떼,케냐마사이,7500,,
422,61,더치바닐라라떼,케냐마사이,8000,,
423,61,카페라떼,,6800,,
424,61,바닐라카페라떼,,7300,,
425,61,카푸치노,,6800,,
426,61,플랫화이트,,6500,,
427,62,아이스카푸치노,,5700,,
428,62,필터커피,,6500,,
429,62,카푸치노,,5200,,
430,62,카라멜라떼,,5800,,
431,62,콜드브루,,5200,,
432,62,콜드브루 라떼,,5700,,
433,62,레모네이드,,6500,,
434,62,스트로베리 라떼,,6500,,
435,62,아메리카노,,4500,,
436,62,라떼,,5200,,
437,62,시그니처 아메리카노,,5200,,
438,62,시그니처 라떼,,5700,,
439,62,바닐라라떼,,5700,,
440,62,콜드브루 원액,,10000,,
441,63,스니퍼 라떼,,6000,,
442,63,커스터드 라떼,,7000,,
443,63,비스킷 라떼 (Seasonal),,7000,,
444,63,시즈널 티,,6500,,
445,63,블랙 커피,,5500,,
446,63,오트 라떼,,6500,,
447,63,클래식 카푸치노,,6000,,
448,63,샤케라토,,7000,,
449,63,필터 커피,,0,,
450,64,아메리카노,,5000,,
451,64,카페라떼,,5500,,
452,64,사박사박,바디감 좋고 깔끔한 데일리 모호 아이스 드립,5500,,
453,64,살랑살랑,에티오피아 더치커피,6000,,
454,64,플랫화이트,,5500,,
455,64,리얼바닐라라떼,,6000,,
456,64,모호크림,고급스러운 모호의 시그니쳐 크림커피,6500,,
457,64,마차라떼,,7000,,
458,64,유기농 머디블랙마차라떼,,7000,,
459,65,이탈리안 아메리카노,,2000,,
460,65,스페셜티 아메리카노,,3000,,
461,65,카페라떼(멜팅 브라운),,4000,,
462,65,바닐라 라떼(멜팅 브라운),,4500,,
463,65,카푸치노(멜팅 브라운),,4000,,
464,65,이탈리안 카푸치노,,3000,,
465,65,이탈리안 플랫화이트,,5000,,
466,65,이탈리안 아포가토,,5500,,
467,65,스페셜티(핸드드립),,7000,,
468,65,커머셜(핸드드립),,6000,,
469,65,도쿄 블랜드(핸드드립),,5000,,
470,65,하우스블랜드 핸드드립,,4500,,
471,65,후쿠오카 블랜드(핸드드립),,5000,,
472,65,오늘의 커피(핸드드립),,4500,,
473,65,브루클린(핸드드립),,5500,,
474,65,스트로베리 크림,,5000,,
475,65,이탈리안 카페라떼,,3000,,
476,65,이탈리안 바닐라 라떼,,3500,,
477,65,이탈리안 솔티드 카라멜 라떼,,5000,,
478,65,이탈리안 비엔나,,5000,,
479,65,아메리카노(멜팅 브라운),,3000,,
480,66,아메리카노,,3500,,
481,66,카페라떼,,4000,,
482,66,흑임자 크림라떼,,4800,,
483,67,고구마 라떼,,3900,,
484,67,더치 아메리카노,프리미엄 콜드브루 커피 4종을 취향대로 선택하실수 있습니다.,2400,,
485,67,콜드브루 라떼,,3500,,
486,67,콜드브루 바닐라,,3900,,
487,67,제로 바닐라 라떼,,3900,,
488,67,제로 카라멜 라떼,,3900,,
489,68,아메리카노(고소),피그커피의 대표 메들리 블렌딩 입니다.,3500,,
490,68,아메리카노(산미),,3800,,
491,68,카페라떼,,4500,,
492,69,카푸치노,,3300,,
493,69,더치라떼,,3800,,
494,69,카페모카,,4000,,
495,69,흑당라떼,,4000,,
496,69,카페라떼,라떼 장인들이 만드는 라떼 맛집입니다 :),3300,,
497,70,아메리카노,,5900,,
498,70,라떼,,6800,,
499,71,공간블랜딩(hot/ice),공간커피만의 핸드드립 추출법으로 내린 고소하고 밸런스 좋은 커피,6500,,
500,72,푸어오버/핸드드립,모은커피는 국내외 로스터리를 소개하고 있습니다:),0,,
501,72,라떼/플랫화이트/카푸치노,,4500,,
502,72,롱블랙/아메리카노,대중적인 입맛에 맞는 블랜드로 만들었습니다.,4000,,
503,73,1리터 아메리카노,가성비 좋은 짱큰 아메리카노!!,7000,,
504,73,초당옥수수 크림라떼,옥수수의 고소함과 달달한 맛의 조화,6000,,
505,73,브라운 슈패너,"커피 크림이 올라간 크림커피
어딕티브 오픈때부터 줄곧 이어오고 있는 메뉴",6000,,
506,73,직접 끓인 수제 뱅쇼,인생 뱅쇼!! 드셔보세요!!,7500,,
507,73,커피클라우드,"구름이 떠있는거 같은 비주얼의 트렌디한 커피
현재 어딕티브에서 가장 많이 팔리는 메뉴!!",5500,,
508,73,단짠 소금크림라떼,단짠단짠한 매력에 중독,6000,,
509,73,쑥크림라떼,저 쑥 싫어했는데 이제 좋아해요!!,6000,,
510,73,오지 아이스커피,"호주식 아이스커피
호주에서 아이스커피 달라고 하면 주는 스타일!!",6000,,
511,73,블랙크림라떼,내 커피의 색깔은 블랙!,6000,,
512,73,아인슈패너,베이스 선택 가능 : 아메리카노 or 라떼 or 콜드브루,5000,,
513,73,바닐라 or 캬라멜 라떼,일반 바닐라보다 훨씬 깊은 맛,5000,,
514,73,아메리카노,"기본에 충실한 아메리카노!!
라이트 or 다크 or 디카페인 선택 가능!!",4000,,
515,73,시그니쳐 초콜렛,,5500,,
516,73,"Tea(Black tea, Herbal tea)",,4000,,
517,73,MOON,"대만에서 공수해 온 커피와 티 블렌딩!!
짱맛!!
핸드드립 아이스로 추천드려요!!",8000,,
518,73,카페 라떼,앞에서 직접 그려주는 고퀄리티 라떼아트!!,4500,,
519,74,아메리카노,,4500,,
520,74,카페라떼,,5500,,
521,74,아인슈페너,,6500,,
522,74,흑임자크림라떼,,7000,,
523,74,핸드드립,,8500,,
524,75,아인슈패너,ICED ONLY,5000,,
525,75,옥수슈패너,ICED ONLY,5000,,
526,75,아메리카노,HOT / ICED,2500,,
527,75,카페라떼,HOT / ICED,3500,,
528,76,카페라떼,,5500,,
529,76,아이스 카페라떼,,5000,,
530,76,카푸치노,,5000,,
531,76,필터커피 (에어로프레스),,0,,
532,77,[Signature] 크림 유자 팟,유자 베이스의 블랙커피 위에 유자크림을 올린 이색 아인슈페너,6500,,
533,77,화이트 프랄린,"고소한 아몬드 라떼와 부드러운 커피크림이 만나, 달달하고 풍미가 좋은 크림 라떼",6500,,
534,77,바닐라 라떼,,6000,,
535,77,티라미슈페너,라떼 베이스에 마스카포네 치즈 크림이 올라간 크림 라떼,6500,,
536,77,브루잉 커피 [Guest Beans],"정기적으로 게스트 로스터리 업체를 선정하여, 다양헌 라인업의 브루잉 커피를 소개합니다.",0,,
537,77,오늘의 커피(Batch Brew),머신으로 내린 브루잉커피,4000,,
538,77,아메리카노,,5000,,
539,77,롱블랙,,5000,,
540,77,라떼,,5500,,
541,77,플랫화이트,,5500,,
542,78,아메리카노,,5900,,
543,78,라떼,,6800,,
544,79,아메리카노 (시그니처 디카페인),"부드럽고 깔끔하며 풍부한 크레마를 살린
디카페인 커피입니다",3500,,
545,79,스페셜티 라떼,"하나하나 직접 로스팅하여
최고의 맛을 잡아낸 카페 라떼입니다:)",3000,,
546,79,코튼슈패너,"달콤한 시그니처 크림이 위에 올라간
원유로 아인슈패너입니다:)",4000,,
547,79,베이커리,"달콤한 디저트는 고객님들의 편의를 위해
개별 포장하여 제공드리고 있습니다:)",3800,,
548,80,콜드브루 베이스 500ml,콜드브루 베이스 500ml,15000,,
549,81,필터 커피,노르딕 특유의 맑고 섬세한 커피 문화를 소개합니다.,0,,
550,82,브루잉 커피,,0,,
551,82,카사블랑카(민트),,6000,,
552,82,아이스 아메리카노,,4000,,
553,82,아이스 카페라떼,,5000,,
554,82,아이스 바닐라라떼,,5500,,
555,82,아이스 버터스카치라떼,,5500,,
556,82,아이스 모카라떼,,5500,,
557,82,아메리카노,,4000,,
558,82,플랫화이트,,5000,,
559,82,카페라떼,,5000,,
560,82,카푸치노,,5000,,
561,82,바닐라라떼,,5500,,
562,82,버터스카치라떼,,5500,,
563,82,모카라떼,,5500,,
564,83,달달한 삼,,6800,,
565,83,과일라씨,,5500,,
566,83,플레인라씨,,5500,,
567,83,백향과 차(뜨거운),,5500,,
568,84,콩당 드립,아메리카노보다 구수하고 부드러운 콩당콩당의 대표 메뉴,6000,,
569,85,아메리카노,,5000,,
570,85,카페라떼,,5500,,
571,86,필터커피,"COE, 마이크로랏, 스페셜티 등급의 라인업이 준비되어 있습니다.",0,,
572,87,콜드 라떼,고소하고 부드러운 맛의 라떼,5800,,
573,87,스페셜티 커피,"직접 로스팅한 스페셜티 드립 커피
(평일 12-15시 or 추가메뉴)",8800,,
574,87,블랜드 커피,"균형잡힌 미디움 로스팅 블랜드 커피
(평일 12-15시 or 저녁 이용료에 포함)",4800,,
575,88,큐브더치라떼,커피얼음을 녹여 마시는 고소한 커피,7900,,
576,88,허니차이 라떼,"Hot / Ice - 안정, 순환",7000,,
577,88,매실민트 티,"Only Ice - 소화, 디톡스",6900,,
578,88,빠다곰코넛,,3300,,
579,88,아메리카노,,5500,,
580,88,카페라떼,,6300,,
581,89,아메리카노,,5000,,
582,89,플랫화이트,,5500,,
583,89,라떼,,5500,,
584,89,바닐라라떼,,5500,,
585,90,브루드티 : A.C. PERCH'S,1835년부터 덴마크 코펜하겐에서 7대째 이어져 오는 유럽에서 가장 오래된 티하우스 브랜드,7200,,
586,90,곤잘레스비야스 올로로소 셰리,"스페인 Jerez의 12년 솔레라숙성으로 바닐라, 무화과 뉘앙스가 매력적인 올로로소 셰리",8800,,
587,91,아몬드 크림라떼 (iced only),"아몬드 크림을 얹은 라떼로, 달달함과 고소함의 밸런스가 좋습니다. 작은 잔에 제공됩니다.",5800,,
588,91,계절동산(감귤잼),직접 끓인 제주 감귤잼으로 만든 판나코타 입니다.,7000,,
589,91,고구마라떼,직접 기른 고구마로 만든 건강한 수제 고구마라떼 입니다.,7000,,
590,92,샹그리아,,6500,,
591,92,스마일초.성냥,,0,,
592,92,아메리카노,,2900,,
593,92,카페라떼,,4000,,
594,92,국산미숫가루,,4500,,
595,92,수제식혜,,5000,,
596,93,핸드드립 '꽃',"달콤한 과일과 부드러운 산미, 살며시 드러나는 꽃향기가 당신의 기분을 다스립니다",7500,,
597,93,핸드드립 '아버지',구운 곡물의 고소하고 담백한 맛이 표현되는 레트로 감성 커피입니다,6000,,
598,93,핸드드립 '신촌',젊음이 가지고 있는 달콤한 맛과 쌉싸름한 맛을 동시에 느끼게 해주는 블렌딩입니다,7000,,
599,93,핸드드립 '바다',싱그러운 과일 향과 브라운슈거를 뿌린 듯 단맛의 조화가 인상적인 커피입니다,7500,,
600,93,핸드드립 '깊은밤',카페인이 절반 정도로 민감한 하루를 위한 커피입니다,7000,,
601,93,핸드드립 '겨울숲',차분하고 무거운 느낌의 블렌딩으로 강렬하지만 부드러운 쓴맛이 긴 여운으로 남습니다,7000,,
602,93,핸드드립 '잘자'(디카페인),달콤하고 상큼한 에티오피아 커피와 부드럽고 쌉싸름한 콜롬비아 커피를 블렌드 하였습니다,7000,,
603,94,드립커피,,5000,,
604,94,아메리카노,,4500,,
605,94,카페 라떼,,5000,,
606,94,플랫화이트,,5000,,
607,94,바닐라빈 라떼,,5500,,
608,94,콜드브루,,5500,,
609,94,아인슈페너,,5500,,
610,95,아메리카노,,5000,,
611,95,오트라떼,,6500,,
612,95,카페라떼,,6000,,
613,96,아메리카노,스페셜티 커피로 블렌딩한 두가지 블렌드 중 하나를 선택하여 드실 수 있습니다.,5000,,
614,97,I/H)바닐라라떼,마다가스카르 프리미엄 바닐라빈과 비정제 설탕으로 만드는 타티만의 바닐라 라떼,5500,,
615,98,아메리카노,,5000,,
616,98,오레그랏세,,6000,,
617,99,Brewing Coffee,,0,,
618,99,아메리카노,,4000,,
619,99,카페라떼,바닐라/카라멜/헤이즐넛 라떼,4500,,
620,100,필터커피,"스페셜티 마이크로랏 등급의
특별한커피",6800,,
621,100,라떼,,6200,,
622,100,바닐라라떼,,6700,,
623,100,버터카라멜크림라떼,버터스카치 풍미,6700,,
624,100,아인슈페너,,6700,,
625,100,크림모카,,6700,,
626,100,쑥크림 라떼,당고와함께즐기는 향긋하고 고소한 크림라떼,7000,,
627,101,핸드드립커피,,0,,
628,101,바닐라라떼,,6500,,
629,101,차,,7500,,
630,101,연필,,3000,,
631,101,썸머라떼,6월~8월 여름 시즌 한정 메뉴,8000,,
632,102,구디 아메리카노,하우스 블렌드,5000,,
633,102,폴라로이드 선셋 아메리카노,가을 시즌 블렌드,5500,,
634,103,아메리카노,,5000,,
635,103,카페 라테,,5500,,
636,103,오트 라테,"오틀리로 만드는 고소한 라테.
(비건 메뉴)",6500,,
637,103,콜드브루 커피 / 라테,"콜드브루 전용 블렌드 ‘모비딕’을 사용합니다.
(라테로 변경 시 500원 추가)",6000,,
638,104,엘살바도르 파파야 게이샤 내츄럴,,12000,,
639,104,콜롬비아 빌라베투리아 P.B.N,,8000,,
640,104,케냐 트리카 눈두 AA 워시드,,7000,,
641,104,미요 클라우드,부드러운 바닐라크림의 아인슈페너,6500,,
642,105,"HOT,ICE) 낙랑크렘(아인슈페너)",,7000,,
643,105,ICE) 낙랑 땅콩라떼,,7000,,
644,105,"HOT,ICE) 바닐라 라떼",,6500,,
645,105,"HOT,ICE) 헤이즐넛 라떼",,6500,,
646,105,"HOT,ICE) 카페 모카",,6500,,
647,105,HOT) 낙랑 알밤 라떼,,6500,,
648,105,ICE) 낙랑 알밤 라떼,,7000,,
649,105,HOT) 낙랑 땅콩라떼,,6500,,
650,105,"HOT,ICE) 바닐라 티",,6500,,
651,105,"HOT, ICE) 카모마일",,7000,,
652,105,콜드브루(병),디카페인 변경 가능합니다.,7500,,
653,105,블랙 포레스트,,8500,,
654,105,"HOT,ICE) 카페라떼",,6000,,
655,105,"HOT,ICE) 플랫 화이트",,6000,,
656,105,"HOT,ICE) 코르타도",,6000,,
657,106,카페라떼,,7000,,
658,106,블랙슈거라떼,,7000,,
659,107,그라니따,,3500,,
660,107,아메리카노,,4500,,
661,107,필터커피,,0,,
662,107,라떼,,5000,,
663,107,로랜드라떼,,6000,,
664,107,아몬드오트라떼,,6000,,
665,108,브루잉 커피,Run Coffee의 침출식 드립으로 내린 스페셜티 커피,0,,
666,108,런 크림커피 Cream au lait,"카페 오레에 부드러운 크림을 올린, 달큰하지만 부담스럽지 않은 크림 커피",7500,,
667,108,Crème brûlée[크렘 브륄레],커스터드 크림에 달콤한 설탕을 굳힌 디저트,7000,,
668,109,프랄리네,,6000,,
669,109,화이트오크,,6000,,
670,109,비스코티,"살구 헤이즐넛, 무화과 피칸",2500,,
671,109,필터커피,,0,,
672,110,핸드드립,,0,,
673,110,아메리카노 HOT,,5500,,
674,110,카카오 티,,6500,,
675,110,실론 시나몬 티,,6500,,
676,110,아메리카노 ICE,,6000,,
677,110,카페라테,,6000,,
678,110,실론 시나몬 라테,,6500,,
679,110,카푸치노,,6000,,
680,110,민트 레모네이드,,6500,,
681,111,베트남커피,,5000,,
682,111,아메리카노,,4000,,
683,111,카페라떼,,4500,,
684,111,바닐라라떼,,5000,,
685,112,바닐라라떼,,5500,,
686,112,모카치노,,5500,,
687,112,그 날의 온도 (모카크림 라떼),"황홀한 달콤함과 함께하는 씁쓸함이 매력적인. 포근했던 그 날의, 모카크림라떼",6500,,
688,112,그 때의 기억 (아인슈페너),부드러운 크림과 핑크솔트가 만들어주는 단짠스러운 커피. 어렴풋한 기억. 그때의 아인슈페너,6000,,
689,112,TWG,,6000,,
690,112,Ronnefeldt,,6000,,
691,112,오틀리라떼,,5700,,
692,112,플랫화이트,,5000,,
693,112,카푸치노,,5000,,
694,112,카라멜 마끼아또,,5500,,
695,113,핸드드립커피,,6000,,
696,113,아메리카노,,4500,,
697,114,필터커피,-라인 업 참조-,0,,
698,114,크림라떼,보리베이스를 이용한 크림 라떼 입니다.,6500,,
699,114,스위트 콘 라떼,"초당 옥수수의 자연스러운 단맛에
버터스카치의 깊은 캐러멜 향을 더한 라떼입니다.",6500,,
700,114,아메리카노,,4800,,
701,114,콜드브루,"상온에서 오랜 시간 우려내 부드럽고 쓴맛이 적은 커피로, 깔끔하게 즐기실 수 있습니다.",5000,,
702,114,카페라떼,Hot 300ml / Ice 480ml,5800,,
703,114,카푸치노,Hot 200ml / ICE 300ml,5500,,
704,114,플랫화이트,Hot 160ml / Ice 200ml,5500,,
705,114,바닐라 라떼,,6500,,
706,115,플렛화이트,,4500,,
707,115,라떼,,4500,,
708,115,아메리카노,,4000,,
709,115,브루잉,,0,,
710,116,아포가또,,7000,,
711,117,아이스 아메리카노,,5000,,
712,117,아이스 카페라떼,,5500,,
713,117,바게트,,4500,,
714,117,할라피뇨치즈 치아바타,,5300,,
715,117,올리브 치아바타,,5000,,
716,117,핫 카페라떼,,5500,,
717,117,바질어니언바게트,,6500,,
718,117,뺑오쇼콜라,,4800,,
719,118,Espresso,,5000,,
720,118,Americano,,5500,,
721,118,Latte,,6000,,
722,118,Latte / Vanila bean,,6500,,
723,118,Flat white,,6000,,
724,118,Cappuccino,,6000,,
725,119,아메리카노,,5000,,
726,120,잎차,다양한 종류의 잎차,0,,
727,121,아메리카노,"저희 컨시어지 커피 G는
예맨 모카 마타리를 블랜드에 사용하여
초콜레티한 뉘양스와 좋은 밸런스를 느끼실 수 있습니다.",4000,,
728,121,라떼,초콜레티한 풍미와 카라멜에서 느껴지는 단 맛이 마시는 즐거움을 줍니다.,4500,,
729,121,플랫화이트,,4500,,
730,121,칼리바우트 모카,,5500,,
731,121,바닐라 라떼,"바닐라 빈과 유기농 설탕으로 만듭니다.
어떤 분께서 이런 말씀을 하시더라구요!
'바닐라 라떼 장인' 이라고
그러면서 당부하신 말씀이 ""한결 같은 맛을 유지시켜주세요"" 라고.",5500,,
732,122,[묵직하고 담백한]카페 라떼,자칭 타칭 라떼 맛집. 최적의 비율을 위해 매일 아침 바리스타들이 마시는 라떼가 몇잔인지.,5500,,
733,122,[플랫화이트 맛집]플랫화이트,부드럽고 고소한 Toc 시그니처 커피,5500,,
734,123,사이폰커피,국내에서 유통되는 최고급 스페셜티커피를 엄선해 사이폰으로 균일하게 추출하는 브루잉 커피,0,,
735,123,깍두기커피,신창호 바리스타가 <2024 국가대표선발전>에서 깍두기 국물을 사용해 만든 시그니처 메뉴,7000,,
736,123,버터바,"고품질의 버터를 이용해 만든 겉바속쫀 디저트입니다.
따뜻한 사이폰 커피와 잘 어울려요 :)",4500,,
737,124,아메리카노,,5000,,
738,124,아인슈패너,,6500,,
739,124,화이트 템플 티,A.C. 퍼치스 티핸들의 백차와 이국적인 과일의 블랜딩 티입니다,6500,,
740,124,쿨 허벌 티,A.C. 퍼치스 티핸들의 과일의 단맛과 허브의 싱그러운 향의 조화로운 허브 티입니다,6500,,
741,124,콘판나,,5000,,
742,124,카푸치노,,6000,,
743,124,카페라떼,,6000,,
744,124,플랫화이트,,6000,,
745,124,코르타도,,6000,,
746,124,바닐라라떼,,6500,,
747,125,자이언트리코 1L,아이스아메리카노의 최강 맛도 최고!,7800,,
748,125,바삭라떼,비정제 설탕을 바탕으로 씹는 달콤함과 아이스라떼와의 환상조합,6500,,
749,125,리코아메리카노,,5500,,
750,125,아포가토,리코의 숨은 인기메뉴,6000,,
751,125,카라멜마끼아또,카라멜향과 리코의 조합,6500,,
752,125,바닐라라떼,달콤한 바닐라향과 리코의 조합,6500,,
753,125,헤이즐넛라떼,헤이즐넛의 고소함과 리코의 매력적인 조합,7000,,
754,125,100% NFC ABC JUICE,건강을 원하신다면 추천매뉴,7500,,
755,126,커피,"Upstanding Coffee
understands coffee. Upstandingly.

Coffee : Black/White

etc.",0,,
756,127,오너티크림라떼,,8000,,
757,127,카카오크림라떼,,8000,,
758,128,브루잉 커피,,0,,
759,129,푸어 오버 / Pour Over,,0,,
760,130,아메리카노,,5300,,
761,130,디카페인 아메리카노,,5800,,
762,130,카페라떼,,5900,,
763,130,바닐라라떼,,6400,,
764,130,콜드브루,,5900,,
765,131,뺑 스위스 (Weekend),,5500,,
766,131,비엔나커피,달콤한 수제 크림이 올라가는 마일스톤만의 비엔나커피,6500,,
767,131,호주식 카푸치노,달지 않은 카카오 파우더 위에 라떼아트가 올라가는 호주식 카푸치노,5500,,
768,131,카페라떼,라떼 맛집 마일스톤의 부드러운 라떼,5500,,
769,131,콜드브루 바닐라 라떼,,6500,,
770,131,콜드브루,,6000,,
771,131,아메리카노,2가지 시그니처 블렌드로 즐길 수 있는 마일스톤만의 아메리카노,5000,,
772,132,더치커피 [Dutch Coffee],,5300,,
773,133,브루잉커피,"원산지, 품종, 가공방식에 따라 다양하게 준비됩니다.",0,,
774,133,카푸치노,,6300,,
775,133,아메리카노,,5300,,
776,134,필터커피,,0,,
777,134,아메리카노,,4500,,
778,134,카페라떼,,5000,,
779,134,베리그라니따,,5500,,
780,134,피치프로마쥬,,6000,,
781,135,과테말라 스페셜티 커피,,2800,,
782,135,케냐 스페셜티 커피,,3500,,
783,135,카페모카,,4500,,
784,135,디카페인 아메리카노,,3400,,
785,135,에티오피아 스페셜티 커피,,3800,,
786,135,카페라떼,,4200,,
787,135,카푸치노,,4200,,
788,136,아메리카노,,7000,,
789,136,카페라떼,,8000,,
790,136,수제초콜렛,,2000,,
791,137,버터스카치라떼,수제 버터스카치로만드는 달달한 라떼,6000,,
792,137,바닐라라떼,가볍지않은 바닐라라떼,5500,,
793,137,비엔나,아메리카노위에 위긴티식스만의 크림이 올라가있는 음료,5500,,
794,138,예멘 핸드드립,,0,,
795,138,아메리카노,,5500,,
796,139,크로아상,주문시 바로 굽는 패스트리,4500,,
797,139,뺑오 쇼콜라,주문시 바로 굽는 패스트리,5500,,
798,139,바닐라 라떼,,6500,,
799,139,시나몬 스월,주문시 바로 굽는 패스트리,5500,,
800,139,아메리카노,,5500,,
801,139,카페라떼,,6000,,
802,139,플랫화이트,,6000,,
803,139,카라멜 라떼,,6500,,
804,139,핸드드립 커피,,7000,,
805,139,핸드드립 커피 (케냐/디카페인),,9000,,
806,140,아메리카노,,5500,,
807,140,아이스아메리카노,,6000,,
808,140,카페라떼,,5500,,
809,140,카페모카,,6000,,
810,140,카푸치노,,5500,,
811,140,드립커피,,6000,,
812,140,클래식카푸치노,,5300,,
813,140,헬카페블랜딩(융드립),,7500,,
814,140,헬라떼,,5500,,
815,141,미숫가루라떼,달고 구수한 곡물라떼입니다. 기본이 빅사이즈라 포만감도 챙기실 수 있습니다.,5800,,
816,141,고트크림커피,아메리카노 위에 달달하고 쫀득한 시그니처바닐라빈크림을 얹어 드립니다.,5500,,
817,142,필터 커피 FILTER COFFEE,,0,,
818,142,브루통 갈레트 (Classic),,3000,,
819,142,롱블랙,,5000,,
820,142,클래식 카푸치노,,6500,,
821,142,시나몬 카푸치노,,6500,,
822,143,필터커피,핸드드립 커피. 트래버틴 워크숍 커피를 다양한 라인업으로 제공,0,,
823,143,아메리카노,,5800,,
824,143,라떼,,6500,,
825,143,플랫화이트,,6800,,
826,143,카푸치노,,6800,,
827,143,카푸치노 알 프레도,시원하게 즐기는 아이스 카푸치노,7800,,
828,144,(I)NOLA,,6700,,
829,145,콜드브루 게이샤,게이샤의 향미를 더 깊이있게 추출한 콜드브루 커피,9500,,
830,145,플레인치아바타,,3800,,
831,145,비엔나커피,달콤한 크림의 텍스처와 아메리카노의 조합이 환상적인 아인슈페너,7500,,
832,146,애플 시니몬 라떼,"애플 시나몬 청을 베이스로 만드는 라떼,
아이스 라떼로 추천합니다.",5900,,
833,146,아메리카노 다크 블랜드,"다크 초콜렛, 견과류, 와이니, 헤이즐넛, 카라멜, 중간 정도의 무게감",4000,,
834,146,아메리카노 마일드 블랜드,"부담없는 산미와 단맛, 고소함의 밸런스가 뛰어난 커피입니다.",4000,,
835,146,아메리카노 디카페인,콜롬비아 케인 슈가 프로세싱 디카페인 커피,4700,,
836,146,카푸치노,"이탈리안 스타일의 카푸치노입니다.
카푸치노는 매장 내 음용만 가능합니다.",4700,,
837,146,카페라떼,"하우스 블랜드 다크와 마일드, 콜롬비아 슈가케인 디카페인로 선택, 제공해 드립니다.",4900,,
838,147,카라멜라떼,,7500,,
839,147,COLD BREW,,6000,,
840,147,MARRON MILK,,5000,,
841,147,PASSIONFRUIT ADE,,6000,,
842,147,WINE AED,,6000,,
843,147,CHOCOLATE DRINK,,6500,,
844,147,아메리카노,3가지 블렌드와 디카페인 커피를 선택하실 수 있습니다.,5500,,
845,147,카페라떼,,5500,,
846,147,바닐라라떼,,6000,,
847,148,Mocha Latte,,6500,,
848,148,Chocolate Latte,,6500,,
849,148,Handmade Lemonade,,7000,,
850,148,Orange Juice,,7800,,
851,148,Maldives (Green Tea),,5000,,
852,148,Montreal Tea,,5000,,
853,148,Verveine Menthe,,5000,,
854,148,Lamington,,7000,,
855,148,Tokyo Roll,,8000,,
856,148,Tiramisu Roll,,8000,,
857,148,Marlenka (Lemon),,7500,,
858,148,Marlenka (walnut),,7500,,
859,148,Cream Cheese Berry,,8000,,
860,148,Creamy chestnut,,7500,,
861,148,Today's Coffee,,6000,,
862,148,Americano,,5000,,
863,148,Cafe Latte,,5500,,
864,148,Cappuccino,,5500,,
865,148,Vanilla Bean Latte,,6000,,
866,149,브루잉,,5000,,
867,150,다크 쇼콜라 블랜드- america,,3800,,
868,150,시트러스 블랜드- americano,시즈널 블랜드 입니다:),3800,,
869,151,아메리카노,,5000,,
870,151,스페셜 커피,,5500,,
871,151,카모마일미란지,,6000,,
872,151,멀린로지,,6000,,
873,151,피낭시에,,8000,,
874,151,카페라떼,,5000,,
875,151,콜드브루,,5500,,
876,151,바닐라라떼,,5500,,
877,151,카라멜 라떼,,6000,,
878,151,초콜렛 드링크,,6000,,
879,152,카모플라쥬,,6200,,
880,152,피넛,,5800,,
881,153,FILTER COFFEE,"직접 로스팅 하며, 다양한 FILTER COFFEE 와 부드러운FILTER LATTE",6000,,
882,154,아메리카노,,4000,,
883,154,라떼,,4500,,
884,154,콜드브루화이트,,5000,,
885,154,콜드브루블랙,,4500,,
886,154,베이비치노,,5000,,
887,154,하동쑥차,,5500,,
888,154,플랫화이트,,4500,,
889,154,바닐라라떼,,5000,,
890,154,모카라떼,,5000,,
891,154,피카화이트,,5500,,
892,154,워커블랙,,4000,,
893,154,필터커피,,5000,,
894,154,베이비치노,,5000,,
895,154,오트화이트,,5000,,
896,155,허니버터고구마라떼,,5000,,
897,155,카페라떼,2020 KLAC(코리아 라떼아트 챔피언쉽) FINALIST 황현석 바리스타의 추천메뉴,5000,,
898,156,COFFEE,핸드드립(브루잉 또는 필터)커피를 포함한 커피 전 메뉴가 같은 단일가격.,5000,,
899,156,HERB TEA,,5000,,
900,157,롱블랙,,3800,,
901,157,플랫화이트,,4500,,
902,157,라테,,4500,,
903,157,미숫가루,,6000,,
904,157,필터,,6000,,
905,158,콜드브루,,5000,,
906,158,뚝섬콜드라떼,콜드브루 베이스의 달달한 연유라떼.,6000,,
907,158,햄치즈 크로스트,,5000,,
908,158,자양동크림라떼,,6000,,
909,158,아메리카노,묵직한 데일리블렌드와 산뜻한 두시십오분블렌드 중 선택이 가능한 스페셜티 아메리카노,4300,,
910,158,카페라떼,,5100,,
911,159,스니퍼 라떼,,6000,,
912,159,샤케라토,,7000,,
913,159,필터 커피,,0,,
914,159,데일리 커피,,5000,,
915,159,시즈널 티,,6500,,
916,159,커스터드 라떼,,7000,,
917,159,비스코티 3종,,3800,,
918,159,비스킷 라떼 (Seasonal),,7000,,
919,159,블랙 커피,,5500,,
920,159,오트 라떼,,6500,,
921,159,클래식 카푸치노,,6000,,
922,160,드립 커피,,0,,
923,160,카페라테 ICE,,6500,,
924,160,카페라테 HOT,,6000,,
925,160,아메리카노 ICE,,6000,,
926,160,아메리카노 HOT,,5500,,
927,161,(I)NOLA,,6700,,
928,162,비트차,비트 특유의 은은한 단맛과 담백한 향의 조화로운 티.,5000,,
929,162,아메리카노,"에티오피아와 부룬디의 만남!
깔끔한 첫 맛과 길게 이어지는 여운!",3000,,
930,163,아메리카노,,4500,,
931,164,콜드브루,,6300,,
932,164,까페 마끼아또,,6000,,
933,164,플랫 화이트,,6000,,
934,165,핸드드립커피,매장에서 직접 볶은 스페셜티커피,6000,,
935,166,Americano,보난자의 시그니처 블랜드를 사용하여 단맛과 산미의 밸런스가 좋은 블랙커피,5300,,
936,166,Filter Coffee,"보다 선명한 노트로 보난자의 싱글빈을 즐기시고 싶으시다면, 필터커피를 추천드립니다.",0,,
937,166,Hazelnut Financier,버터의 풍미와 헤이즐넛 특유의 고소한 맛이 함께 어우러져 조화로운 맛의 피낭시에입니다.,3800,,
938,167,핸드드립-9개국 스페셜티커피,유럽커피 디플로마 학위자직접 로스팅한 스페셜티커피빈를 유럽인증 바리스타가 최적의 추출로 제공합니다.현재 에티오피아 게이샤 가능,0,,
939,167,솔티카라멜크림콜드브루,,6500,,
940,167,버터바 황치즈,,5800,,
941,167,Caffe Latte 3종류 (벤티),"라떼1 마젠타(예가체프로 만든), 라떼2(고소함), 라떼3(다크,스모크)",5000,,
942,167,플랫화이트,2종류 : 플랫화이트1 (화담)과 플랫화이트3(화연),5000,,
943,167,너티크림라떼,,6000,,
944,168,솔티크림 라떼,caramel milk latte with cream,6500,,
945,168,아메리카노,americano,5000,,
946,169,누아르 블랑,블랙 커피 베이스의 달콤한 크림 커피,7000,,
947,169,콜드브루,디카페인 변경이 가능합니다.,6500,,
948,170,소소슈페너,소소 시그니쳐 블렌드에 최적화 된 부드러운 크림과 히말라야 꽃소금의 완벽한 조화,4000,,
949,170,수제바닐라빈라떼,다들 방황하지 마세요.,4000,,
950,170,아메리카노,"*소소 시그니쳐 블렌드-
단맛과 적당한 산미
**프리미엄 다크 블렌드-
스모키 베이스",2500,,
951,170,미숫가루,맛있고 든든한데 영양까지 좋습니다. 100% 국내산 곡물들을 열심히 흔들어서 만들어요.,3800,,
952,170,헤이즐넛라떼,해질녘,3800,,
953,171,아메리카노,,4800,,
954,171,감귤차,,6500,,
955,171,카페라떼,,5500,,
956,171,삼원샏라떼,,6500,,
957,171,삼원샏 모카,,7000,,
958,171,삼원샏크림라떼,,7000,,
959,172,필터커피 Filter Coffee,,7000,,
960,172,아메리카노 Americano,,4800,,
961,172,피낭시에 Financier,,3000,,
962,172,라떼 Latte,,5500,,
963,172,플랫화이트 Flat White,,5500,,
964,172,콜드브루 Cold Brewed,,5000,,
965,172,바닐라라떼 Vanilla Latte,,5500,,
966,172,비건 라떼 Vegan Latte,,6000,,
967,172,모카 Mocha,,8000,,
968,172,아포카토 Affogato,,8000,,
969,173,아메리카노,Americano,5600,,
970,173,카페 라 노체,Cafe La Noche,7000,,
971,173,카페 콘 엘라도,Cafe con Helado,7500,,
972,173,캔디팝라떼,Candy pop latte,6500,,
973,173,"엘 모리토 마르셀 워시드, 페루","El Morito Marshell Washed, Peru",7500,,
974,173,"조이카페 라 필라 워시드, 콜롬비아","Joicafe La Fila Washed, Costa Rica",7500,,
975,173,"파젠다 엄 카투아이 81, 브라질","Fazenda Um Catuai 81 Pulped Natural, Brazil",7000,,
976,173,카모마일 메들리,Organic Chamomile Medly,5800,,
977,173,트로피칼 크림슨,Organic Tropical Crimson,5800,,
978,173,플랫 화이트,Flat White,6200,,
979,173,카카오 라테,Cacao Latte,7000,,
980,173,카페라테,Caffe Latte,6200,,
981,173,카푸치노,Cappuccino *hot only,6200,,
982,173,오틀리 카페 라테,Oatly Cafe Latte,6500,,
983,173,빠넬라 카페 라테,Panela Cafe Latte,6500,,
984,173,카페 모카,Cafe Mocha,7300,,
985,173,아포가토,affogato,7200,,
986,173,콜드 브루,Cold Brew,5800,,
987,174,단밤 깜빠뉴,,8500,,
988,174,아메리카노,,4900,,
989,174,카페라떼,,5500,,
990,174,바닐라빈라떼,,5900,,
991,174,카푸치노,,5500,,
992,174,카페모카,,5900,,
993,174,단호박 깜빠뉴,,7500,,
994,174,무화과 깜빠뉴,,7500,,
995,174,뺑오 쇼콜라,직접 만들었습니다.,5400,,
996,175,파리 브레스트,,8500,,
997,175,아메리카노,,5500,,
998,175,카페라테(Cafe Latte),,6000,,
999,175,카라멜라테(Signacture),캐러멜 라테는 한 시대를 주름 잡았던 카라멜 마키아토를 재해석한 시그니처 메뉴,6800,,
1000,175,화이트슈페너(Signacture),플랫화이트 기반으로 만든 킵댓 시그니처 크림라테,6800,,
1001,175,비스코티,이탈리아 전통 비스킷,2500,,
1002,176,스테디셀러4 - 브라질 문도 노보,"아메리카노, 콜드브루(3,4) / 라떼, 콜드브루라떼(3,8)",0,,
1003,176,버터스카치 크림커피,스카치캔디맛,5200,,
1004,176,디카페인5 - 브라질 슈가케인,"아메리카노, 콜드브루(3,8) / 라떼, 콜드브루라떼(4,2)",0,,
1005,176,디카페인6 - 멕시코 크리스탈 MWP,"아메리카노, 콜드브루, 라떼 *가격동일",4600,,
1006,176,오르5 - 에티오피아 리무,"아메리카노, 콜드브루, 라떼 *가격동일",4500,,
1007,176,오르6 - 콜롬비아 게이샤,판매완료,0,,
1008,176,오르7 - 코스타리카 게이샤,판매완료,0,,
1009,176,(점적식)콜드브루라떼,"브라질 외
*3,800원부터",0,,
1010,177,솔티드카라멜아인슈페너,,5000,,
1011,177,콜드브루,,14900,,
1012,178,핸드드립(필터커피),,0,,
1013,178,스윗마테 Tea,,5000,,
1014,178,잉글리쉬 블랙퍼스트,,5000,,
1015,178,아메리카노,,3800,,
1016,178,카페라떼,,4500,,
1017,178,불고기 파니니,,10800,,
1018,178,플랫화이트,,4500,,
1019,178,바닐라라떼,,4800,,
1020,178,븨븨븨 모카,,5500,,
1021,178,아인슈페너,,5500,,
1022,178,돌체 한라봉 시그니처 커피,,5500,,
1023,179,콜드빙하 [ 아인슈페너 ],직접 매장에서 추출하는 콜드브루 베이스 위 수제크림이 들어간 특허출원 된 시그니처 커피,6800,,
1024,179,콜드브루,숙련된 바리스타들이 10시간 동안 추출한 점적식 콜드브루 복합적인 향미와 단맛이 일품,6500,,
1025,179,피스타치오 페스츄리,직접 개발한 피스타피오 크림과 버터의 풍미가 좋은 페스츄리,7000,,
1026,180,어펜드커피,카라멜의 단맛과 시트러스 향을 느낄수 있는 수제크림라떼,6200,,
1027,180,아인슈페너,더치커피에 수제크림을 올린 커피,6200,,
1028,180,아메리카노,,4700,,
1029,180,라떼,,5200,,
1030,181,Filter Brew,제철에 맞는 커피를 선보입니다.,0,,
1031,181,Americano 아메리카노,아메리카노,4000,,
1032,181,Latte 카페라테,카페라테,4500,,
1033,181,Cap 카푸치노,카푸치노,4500,,
1034,182,스니퍼 라떼,,5800,,
1035,182,커스터드 라떼,,6800,,
1036,182,비스코티,,3800,,
1037,182,비스킷 라떼 (Seasonal),,7000,,
1038,182,블랙커피 (아메리카노),,5200,,
1039,182,오트 라떼,,6000,,
1040,182,필터 커피 (핸드드립),,0,,
1041,183,아메리카노,"다크,프루티,고소, 디카프 4가지중에 택일^^가능",5000,,
1042,183,라떼,,6000,,
1043,184,Filter coffee,"저희가 직접 로스팅한 커피 입니다.
방문하셔서 즐겨보세요 ~ :)",0,,
1044,184,Nana’s Pecan Pie,미국 할머니의 레시피 2 !,7000,,
1045,184,Coconut Cream Pie,미국 할머니의 레시피 1 !,7500,,
1046,184,카페 라떼,"Caramel,Nutty,Creamy",5500,,
1047,184,라벤더 라떼,Lavender syrup with cafe latte.,6000,,
1048,184,아메리카노,"Dark chocolate, blackberry, caramel",5000,,
1049,184,드립커피,Single Origin or Special Blend,0,,
1050,185,브루잉 커피,,6000,,
1051,185,어린이 음료,,2000,,
1052,186,딥 헤이즐넛,헤이즐넛의 풍미가 느껴지는 달콤한 라떼.,6000,,
1053,187,도조 라떼,"시그니쳐 크림 라떼 입니다. 솔티드 크림, 크리스탈 슈가가 올라간 라떼 입니다.",6500,,
1054,187,아메리카노,고소한 하우스 블렌드로 만든 아메리카노,5000,,
1055,188,커피,,2500,,
1056,189,스페셜티커피,"매일 다르게 즐기는 커피, 원산지별 풍미가 살아있는 스페셜티커피를 나라별로 선택하실 수 있습니다.
(케냐, 에티오피아, 브라질 등 다양한 원산지의 스페셜티커피를 사용합니다)",4000,,
1057,190,아메리카노,,3000,,
1058,190,솔트라떼,SPECIALTY COFFEE를 합리적인 가격으로 제공합니다,4900,,
1059,191,브루잉커피,,6000,,
1060,192,카페라떼,,3800,,
1061,192,바닐라빈라떼,,4300,,
1062,192,돌체라떼,,4500,,
1063,192,카페모카,,4800,,
1064,192,콜드브루,,4000,,
1065,192,콜드브루라떼,,4500,,
1066,192,돌체콜드브루라떼,,4800,,
1067,192,우리곡물라떼,,3300,,
1068,192,제로 피치스윗티,,3500,,
1069,192,잉글리쉬블랙퍼스트,,3500,,
1070,192,키즈 제로피치스윗티,,2300,,
1071,192,아메리카노(다크/미디엄),,2000,,
1072,192,쇼콜라프레소,,3000,,
1073,192,플랫화이트(10oz/아이스),,3500,,
1074,193,플랫화이트(10oz/아이스),,3500,,
1075,193,카페라떼,,3800,,
1076,193,바닐라빈라떼,,4300,,
1077,193,돌체라떼,,4500,,
1078,193,카페모카,,4800,,
1079,193,콜드브루,,4000,,
1080,193,콜드브루라떼,,4500,,
1081,193,돌체콜드브루라떼,,4800,,
1082,193,우리곡물라떼,,3300,,
1083,193,제로 피치스윗티,,3500,,
1084,193,잉글리쉬블랙퍼스트,,3500,,
1085,193,키즈 제로피치스윗티,,2300,,
1086,193,아메리카노(다크/미디엄),,2000,,
1087,193,쇼콜라프레소,,3000,,
1088,194,스페셜티 커피,,3600,,
1089,195,아메리카노,,2000,,
1090,195,돌체라떼,,3000,,
1091,195,카페라떼/카푸치노,,3500,,
1092,195,리얼바닐라빈라떼,,4000,,
1093,195,헤이즐넛/카페모카,,4000,,
1094,195,카라멜마끼아토,,4500,,
1095,195,[겨울한정]리얼고구마라떼,,5000,,
1096,195,애플시나몬라떼,,4500,,
1097,195,콜드브루,콜드브루(3.0)/콜드브루라떼(4.0)/(크림화이트(4.0)/크림바닐라(4.5),3000,,
1098,195,[가을한정]무화과라떼,,4500,,
1099,196,그레인 크림라떼,,6000,,
1100,196,카스(330ml),,4000,,
1101,196,잭콕,잭다니엘(블랙/허니/애플),9000,,
1102,196,말리부콕,,8000,,
1103,196,바에인슈테판(500ml),헤페바이스/크리스탈/둔켈,11500,,
1104,196,돌체라떼,,5500,,
1105,196,카라멜마끼아또,,5500,,
1106,196,카페모카,,5500,,
1107,196,바닐라빈라떼,,6000,,
1108,196,바닐라라떼,,5500,,
1109,196,라떼,,5000,,
1110,196,아메리카노,스페셜티 커피,4500,,
1111,196,라면(신라면/사리곰탕/너구리),,4000,,
1112,197,무화과댄스,하바구 농장의 무화과잎을 직접 찌고 건조하여 가공하여 블랜딩한 무화과티.,5500,,
1113,197,커피안주,,0,,
1114,197,티피,티와 커피의 합성어로 물대신 티를 이용해 향을 살린 시그니쳐 커피입니다.,5000,,
1115,198,직화로스팅 핸드드립 커피,"씨에라/안티구아 5,000
케냐AA/만델링 6,000
코케허니 8,000
게이샤 9,000",5000,,
1116,198,아메리카노,직화로스팅 커피로 만든 아메리카노,3000,,
1117,198,아포가토,,4500,,
1118,198,카페라떼,"핫 3,500 아이스 4,000",3500,,
1119,198,헛개차,,4500,,
1120,198,콜드부르,,4500,,
1121,198,아샷추,,4000,,
1122,198,카푸치노,,4000,,
1123,198,바닐라라떼,,4000,,
1124,198,연유라떼,,4000,,
1125,198,카페모카,,4000,,
1126,198,카라멜 마끼아또,,4500,,
1127,199,마리또조,,5500,,
1128,199,뺑 오 쇼콜라,,6000,,
1129,199,치즈 치아바타,,5000,,
1130,199,치아바타,,4000,,
1131,199,무화과 크림치즈 사워도우,,6000,,
1132,199,올리브 치즈 사워 도우,,7000,,
1133,199,빨미까레,,4000,,
1134,199,퀸아망,,5500,,
1135,199,아메리카노 다크,,5500,,
1136,199,아메리카노 미디움,,5500,,
1137,199,아메리카노 디카페인,,6000,,
1138,199,에티오피아 구지 우라가 솔로모 G1,,6500,,
1139,199,케냐 키암부 이아가즈 AA TOP,,6500,,
1140,199,에티오피아 예가체프 아리차 에이미G1,,6500,,
1141,199,불고기 파니니,,7000,,
1142,200,NEW 콜롬비아 슈거케인 디카페인,"스페셜티 커피 (시트러스, 넛츠, 블랙 슈거, 스위트, 웰 밸런스)",12000,,
1143,200,#9. 스위트 로제 드림,NEW 디카페인 장미차,10000,,
1144,200,#10. 굿 나잇 미스터 카모,NEW 디카페인 카모마일 차,10000,,
1145,200,다위스 티 블렌드,,0,,
1146,200,VIP실 예약,,0,,
1147,200,NEW 에티오피아 구지 함벨라,"스페셜티 커피 (베리 라이크, 화이트 피치, 트로피컬, 허니)",12000,,
1148,200,NEW 에티오피아 구지 벤티 넨카,"스페셜티 커피 (베르가못, 블랙 베리, 피치, 스위트)",12000,,
1149,200,다위스 블랜딩,아메리카노를 위한 블렌딩!,10000,,
1150,200,브라질 세하도 디카페인,"디카페인 스페셜티 커피 (스위트 포테이토, 다크 초콜렛, 로스티드 체스트넛)",11000,,
1151,201,시나몬 크로넛,"Lounge'X↔️SEOUL PASTRY
시나몬 향이 은은하게 나는 달콤한 크로넛",4400,,
1152,201,카페라떼,고소함과 바디감이 조화로운 카페라떼,6000,,
1153,202,아이스버그,TFT의 방식으로 해석한 아인슈페너 메뉴.,6500,,
1154,202,아메리카노,하우스블렌드인 “ORTHODOX”로 제공됩니다.,4600,,
1155,202,티,스티븐스미스티 리쉬티 사용.,5500,,
1156,202,디카페인 아메리카노,디카페인 블렌드인 “PLACEBO”로 제공됩니다.,5100,,
1157,202,카푸치노,TFT의 카푸치노는 웻카푸치노입니다. 원하시면 드라이하게도 가능하세요.,5300,,
1158,203,아메리카노,,3500,,
1159,203,라떼,,4000,,
1160,203,바닐라라떼,,4500,,
1161,203,아인슈페너,,5500,,
1162,203,크림라떼,,6000,,
1163,203,크로아상,,3000,,
1164,204,아메리카노,,4500,,
1165,204,카페라떼,,5000,,
1166,204,애플시나몬티,,5500,,
1167,204,바닐라라떼,바닐라빈이 가득 들어간 달달한 바닐라라떼 !,5300,,
1168,204,카페모카,,6000,,
1169,204,너티무자,고소하고 달콤한 크림이 올라간 라떼 !,6000,,
1170,204,무자라떼,달지 않은 유크림의 풍미가 가득한 라떼 !,5500,,
1171,205,아메리카노,,2900,,
1172,205,펑션 원,,14000,,
1173,205,브라질,,14000,,
1174,205,스페셜 크림 라떼(Only Ice),,4900,,
1175,206,AMERICANO (or ESPRESSO AMERICANO),Espresso with added hot water (100–150 ml)-The espresso is added into the hot water,4000,,
1176,206,아이스 티 Peach Iced Tea,,4000,,
1177,206,카푸치노,,5000,,
1178,206,Royal milk tea,,5500,,
1179,206,바닐라라떼,,5500,,
1180,206,카라멜라떼,,5500,,
1181,206,아몬드라떼,,5500,,
1182,206,헤이즐넛라떼,,5500,,
1183,206,CAFFÈ LATTE,"A tall, mild 'milk coffee' (about 150-300 ml). An espresso with steamed milk foam poured over it.",5000,,
1184,206,카페모카,,5500,,
1185,206,카모마일,,4000,,
1186,206,DRY or WET CAPPUCCINO,A coffee drink consisting of espresso and a milk foam mixture.,5000,,
1187,206,COLD BREW COFFEE,"In the Cold Brew process, time makes up for heat.",4000,,
1188,206,ESPRESSO,"A short, strong drink (about 30 ml) served in an espresso cup.",3000,,
1189,206,ESPRESSO MACCHIATO,Espresso with a little milk foam (drink size about 50 ml). Served in an espresso,4000,,
1190,206,FLAT WHITE,A coffee drink with a double espresso and lightly frosted milk (About 150–240 ml). Served,4000,,
1191,206,LATTE MACCHIATO,"Like a traditional caffè latte, but with a thicker layer of foam. Often made by pour",4000,,
1192,206,RISTRETTO (or ESPRESSO RISTRETTO),A very short shot of espresso (about 20 ml). Served in an espresso,3000,,
1193,207,핸드드립 / 필터커피,스페셜티 커피의 새로운 경험,0,,
1194,207,리얼 바닐라 빈 라떼,마다가스카 최고급 바닐라빈을 사용해서 직접 숙성시킨 리얼 바닐라 빈 라떼,6000,,
1195,208,브루잉커피,원하는 취향의 커피를 추천해드립니다,6500,,
1196,208,블랙(아메리카노),,4000,,
1197,208,화이트(라떼),,4500,,
1198,209,바게트,천연발효종으로 느리게 만든 고소하고 쫄깃한 바게트,3800,,
1199,209,잠봉뵈르,,9000,,
1200,209,무화과크림치즈깜빠뉴,,6300,,
1201,209,아메리카노,,4000,,
1202,209,먹물치즈치아바타,,4400,,
1203,209,플레인치아바타,저온숙성으로 느리게 만든 쫄깃한 치아바타,3500,,
1204,210,[Hot]아메리카노,,4500,,
1205,210,라떼,,5000,,
1206,211,아메리카노,,3500,,
1207,211,카페라떼,,4000,,
1208,211,바닐라빈라떼,,4500,,
1209,211,흑임자크림라떼,,5500,,
1210,212,드립커피,,0,,
1211,212,바닐라빈 플로랄 카페라테,,7500,,
1212,212,베르가못 스윗 카페라테,,7200,,
1213,212,아메리카노,,5500,,
1214,213,아인슈페너,,4300,,
1215,213,돌체라떼,,4500,,
1216,213,카페모카,,4800,,
1217,213,콜드브루,,4000,,
1218,213,콜드브루라떼,,4500,,
1219,213,돌체콜드브루라떼,,4800,,
1220,213,애플사이다비니거,,3900,,
1221,213,우리곡물라떼,,3300,,
1222,213,아메리카노(다크/미디엄),,2000,,
1223,213,잉글리쉬블랙퍼스트,,3500,,
1224,213,[쿠스미티] 아쿠아로사,,3500,,
1225,213,[쿠스미티] 아쿠아썸머,,3500,,
1226,213,[쿠스미티] 엑스퓨레애딕트,,3500,,
1227,213,쇼콜라프레소,,3000,,
1228,213,카페라떼,,3800,,
1229,213,바닐라빈라떼,,4300,,
1230,214,융드립커피(Hot),,6000,,
1231,214,융드립커피(ICE),,6500,,
1232,214,디카페인스위스 워터방식(Hot),ICE 6000,5600,,
1233,214,더치아이스 시그니처 블랜드(ICE),,5600,,
1234,214,더치아이스 라떼 시그니처 블(ICE),,6000,,
1235,214,아메리카노(Hot),ICE 4600,4200,,
1236,214,카페라떼(Hot),ICE 5400,5000,,
1237,214,"카페라떼(바닐라, 카라멜, 헤이즐럿)",ICE 5600,5200,,
1238,214,연유라떼(Hot),ICE 5600,5200,,
1239,214,카푸치노(Hot),ICE 5400,5000,,
1240,214,카페모카(Hot),ICE 5600,5200,,
1241,214,카라멜마끼야또(Hot),ICE 5600,5200,,
1242,214,고구마라떼(Hot),ICE 5400,5000,,
1243,214,토피넛라떼(Hot),ICE 5400,5000,,
1244,214,온두라스 시즈널 스페셜(Hot),ICE 6400,6000,,
1245,214,"시그니처브라질, 이디오피아(Hot)",ICE 6000,5600,,
1246,214,브라질세하도(Hot),ICE 6000,5600,,
1247,214,과테말라우예우예대낭고(Hot),ICE 6000,5600,,
1248,214,이디오피아예가체프G2(Hot),ICE 6000,5600,,
1249,214,케냐 AA(Hot),ICE 6000,5600,,
1250,215,아메리카노,"제조음료 전 메뉴
테이크아웃 500원 할인",3000,,
1251,215,돌체 콜드브루,,4700,,
1252,215,카페라떼,,3800,,
1253,215,바닐라카페라떼,,4300,,
1254,215,돌체라떼,,4300,,
1255,215,카페모카,,4300,,
1256,215,헤이즐넛 다방커피 (L),,3000,,
1257,215,콜드브루,,3500,,
1258,215,바닐라크림 콜드브루,,4500,,
1259,216,ICE 아인슈페너,,4200,,
1260,216,HOT 아인슈페너,,3900,,
1261,216,ICE 아메리카노,카페일분 대표 아메리카노,2800,,
1262,216,HOT 아메리카노,카페일분 대표 아메리카노,2400,,
1263,217,핸드드립-오늘의 게이샤,"코스타리카, 콜롬비아, 파나마등 시즌/주간별로 바리스타가 추천해 드리는 게이샤 핸드드립",8000,,
1264,217,수제 쑥라떼,강화 약쑥을 매장에서 직접 우려내고 유기농 원당으로 만든 TPS 만의 수제 쑥라떼,6000,,
1265,217,스페셜티커피 아메리카노,"에티오피아, 콜롬비아, 브라질등 스페셜티커피만을 사용한 블렌딩커피 균형이 잘 잡혀있어요.",4500,,
1266,217,바리스타 추천 핸드드립,TPS COFFEE의 모든 커피는 스페셜티커피로 디카페인 포함 5종류 중 선택 가능합니다.,6000,,
1267,217,유기농 케모마일 차,,6000,,
1268,217,수제 생강청 라떼,,7000,,
1269,217,수제 쑥라떼,,6000,,
1270,217,카푸치노,,5000,,
1271,217,콜드브루 카페라떼(only ice),스페셜티커피 콜드브루 카페라떼,5500,,
1272,217,콜드브루 아메리카노(only ice),스페셜티커피 콜드브루 아메리카노,5000,,
1273,217,커피케이터링,장소와 인원에 맞게 맞춤해 드리는 스페셜티커피입니다.,0,,
1274,217,스페셜티커피 콜드브루 380g 1병,스페셜티커피만으로 매장에서 직접 내립니다.,15000,,
1275,217,핸드드립-파나마 게이샤,바리스타바에서 파나마 게이샤 커피를 즐겨 보세요!,12000,,
1276,218,아메리카노Takeout,,3500,,
1277,218,라떼Takeout,,3800,,
1278,219,스페셜티) HOT 아인슈페너,,3900,,
1279,219,디카페인) HOT 아인슈페너,,4100,,
1280,219,스페셜티) HOT 연한아메리카노,,2100,,
1281,219,스페셜티) ICE 연한아메리카노,,2300,,
1282,219,디카페인) HOT 연한아메리카노,,2300,,
1283,219,디카페인) ICE 연한아메리카노,,2500,,
1284,220,아메리카노,,4000,,
1285,220,카페라떼,,4500,,
1286,220,카푸치노,,4500,,
1287,220,바닐라라떼,,4500,,
1288,221,바닐라 라떼,,6500,,
1289,221,모카,,6500,,
1290,221,아이딜 시그니처,,7000,,
1291,221,오늘의 필터 커피,,7000,,
1292,221,롱블랙,,4500,,
1293,221,아인슈페너,,6500,,
1294,221,피콜로,,4800,,
1295,221,플랫화이트 hot only,,5000,,
1296,221,스몰라떼,,5000,,
1297,221,라떼,,5500,,
1298,221,카푸치노 hot only,,5500,,
1299,222,아메리카노,,5000,,
1300,222,카푸치노,,5000,,
1301,222,바닐라 크림 플랫 화이트,,5500,,
1302,222,수제 바닐라빈 라떼,,5500,,
1303,223,흑임자라떼,,5000,,
1304,223,아포가토,,5500,,
1305,223,아메리카노,,3000,,
1306,223,카페라떼,,4000,,
1307,223,핸드드립,,5000,,
1308,224,수비드돈목살포케,촉촉한 수비드 목살과 신선한 채소의 밸런스가 좋은 포케.,13000,,
1309,224,양념소불고기 포케,맛있는 양념 소불고기가 들어간 풍미가득한 포케.,12000,,
1310,224,훈제오리 포케,쫄깃하고 단백한 훈제오리가 들어간 포케,11000,,
1311,224,씨푸드 포케,새우와 오징어가 들어가 담백하고 깔끔한 포케,12000,,
1312,224,클래식 연어 포케,신선한 생연어가 들어간 영양가 높은 포케,14000,,
1313,224,수비드 닭가슴살 포케,수비드 닭가슴살이 들어간 촉촉한 고단백 포케.,12000,,
1314,224,매콤 수비드 닭가슴살 포케,매콤 수비드 닭가슴살이 올라간 촉촉한 고단백 포케,12000,,
1315,225,아메리카노,,4000,,
1316,225,카페 라떼,,5000,,
1317,225,바닐라 콜드브루,,6000,,
1318,225,로즈마리 스타트,,6000,,
1319,225,여수밤바다,,6000,,
1320,226,필터커피,"RWANDA Nyungwe, ETHIOPIA Morke, ETHIOPHIA Murago",0,,
1321,226,카페라떼,,5000,,
1322,227,핸드드립커피,매달 새로이 로스팅하는 핸드 드립 스페셜티 커피 라인업은 인스타그램 체크해 주세요 :),0,,
1323,227,아메리카노,스페셜티 커피 블렌드 4종 중 선택 /하이엔드 머신 시네소or 슬레이어 추출 방식 중 선택,7000,,
1324,228,ICE 아인슈페너,,4000,,
1325,228,HOT 아인슈페너,,3500,,
1326,229,카페라떼,,3300,,
1327,229,바닐라빈라떼,,3800,,
1328,229,돌체라떼,,4000,,
1329,229,카페모카,,4300,,
1330,229,콜드브루,,3500,,
1331,229,콜드브루라떼,,4000,,
1332,229,돌체콜드브루라떼,,4300,,
1333,229,우리곡물라떼,,2800,,
1334,229,제로 피치스윗티,,3000,,
1335,229,잉글리쉬블랙퍼스트,,3000,,
1336,229,키즈 제로피치스윗티,,2000,,
1337,229,아메리카노(다크/미디엄),,2000,,
1338,229,쇼콜라프레소,,2500,,
1339,229,플랫화이트(10oz/아이스),,3000,,
1340,230,아메리카노,,4800,,
1341,230,토피넛라떼,,5500,,
1342,230,꾸덕버터바(바닐라빈),,4500,,
1343,230,카페라떼,,5500,,
1344,230,수제바닐라빈카페라떼,,6000,,
1345,230,코르타도,,5500,,
1346,230,브루잉-블랜딩,,6000,,
1347,230,베이비치노,,4300,,
1348,231,헤이븐블랜딩핸드드립,,8000,,
1349,231,크림치즈스틱프레즐,커피와 함께 주문시 1000할인,5000,,
1350,231,바닐라라떼,코나헤이븐의 인기메뉴,6000,,
1351,231,아인슈페너(프랑스페이장동물성크림),페이장브레통(동물성)을 사용,6500,,
1352,232,아메리카노,,4000,,
1353,232,핸드드립커피,,6000,,
1354,232,뱅쇼,,8000,,
1355,233,감자의 숲,"수미감자, 양파, 트러플오일, 화이트발사믹, 양파후레이크, 페코리노 로마노with 포카챠",8000,,
1356,233,브루잉 커피,다양한 싱글빈을 경험하세요!,0,,
1357,234,보사노바 베이커리,"좋은 재료를 엄선하여 당일생산, 당일판매를 지키고 있는 맛있는 보사노바만의 베이커리",0,,
1358,234,피넛버터라떼,,6500,,
1359,234,아포가토,,5500,,
1360,234,아메리카노,"보사노바 대표 블렌드인 안목블렌드로 추출한, 고소하고 단맛이 강한 아메리카노",4500,,
1361,234,우롱피치,,5500,,
1362,234,바닐라라떼,,5400,,
1363,234,스페니쉬라떼,,5400,,
1364,234,카페모카,,5600,,
1365,234,콜드브루,,5000,,
1366,234,콜드브루 라떼,,5500,,
1367,235,아메리카노,,4000,,
1368,235,카페라떼,,4500,,
1369,235,브루잉커피,,0,,
1370,236,필터커피,,0,,
1371,236,낙산 블렌드,"콜롬비아, 케냐, 브라질 스페셜티 블렌딩 아메리카노",4000,,
1372,236,이화 블렌드,에디오피아 스페셜티 블렌딩 아메리카노,4500,,
1373,236,수제 단호박 머핀,생단호박과 호두로 만든 수제 단호박 머핀,3800,,
1374,237,멜팅샷,플랫화이트 와 흑임자 베이스 크림.,5000,,
1375,238,카페라떼,카페세마의 가장 인기있는 메뉴 라떼 입니다.,4300,,
1376,238,카푸치노,호주식 웻카푸치노 입니다. 원하시는 분들께는 드라이 카푸치노로도 서브가능,4300,,
1377,238,바닐라라떼,,4800,,
1378,238,카페모카,,4800,,
1379,238,카라멜마끼아또,,5000,,
1380,239,HOT 아인슈페너,이젠 무인카페에서도 아인슈페너,3500,,
1381,239,ICE 연한아메리카노,,2300,,
1382,240,콜드브루,,3300,,
1383,240,콜드브루 라떼,,3800,,
1384,240,콜드브루 돌체라떼,,4300,,
1385,240,디카페인 콜드브루,,3800,,
1386,240,디카페인 콜드브루 라떼,,4300,,
1387,240,디카페인 콜드브루 돌체라떼,,4800,,
1388,240,디카페인 콜드브루 크림라떼,,4800,,
1389,240,곡물라떼,,3300,,
1390,240,콜드브루크림라떼,입안 가득 기분 좋은 향을 머금은 블렌딩 콜드브루라떼와 부드러운 크림의 조화!,4300,,
1391,240,고구마라떼,,3500,,
1392,240,자바칩 바빈치노,,4300,,
1393,240,쿠앤크바빈치노,,4300,,
1394,240,카페라떼,,3000,,
1395,240,카푸치노,,3000,,
1396,240,바닐라라떼 / 헤이즐넛라떼,,3500,,
1397,240,크리스피칩무화과,,2500,,
1398,240,크로크무슈,,4500,,
1399,240,카라멜마끼아또 / 카페모카,,3800,,
1400,240,돌체라떼,,3800,,
1401,241,치즈올리브 치아바타,,4400,,
1402,241,휘낭시애,,3500,,
1403,241,길동 더티 뺑오,,5300,,
1404,241,애플 시나몬 뺑스위스,,5300,,
1405,241,카페라테,,5400,,
1406,241,쪽파 크림치즈 치아바타,,4800,,
1407,241,카페모카,,5400,,
1408,241,바닐라빈 라테,,5900,,
1409,241,휘낭시애,,3500,,
1410,241,아인슈페너,,6900,,
1411,241,길동 라테,,6000,,
1412,241,무화과 바게트,,5500,,
1413,241,감자치즈 깜파뉴,,5800,,
1414,241,필터커피,,6500,,
1415,241,뺑스위스,,4500,,
1416,241,먹물치아바타,,4200,,
1417,241,브리오슈,,4700,,
1418,241,올리브 치즈치아바타,,4200,,
1419,241,마롱아인슈페너,,6900,,
1420,241,뺑 스위스,,4500,,
1421,241,황치즈 브리오슈,,4700,,
1422,241,무화과 크림치즈 통밀깜빠뉴,,5800,,
1423,241,단호박 크림치즈 통밀 깜빠뉴,,5800,,
1424,241,뺑스위스,,4500,,
1425,241,더티 뺑오,,4800,,
1426,241,시그니처 아인슈페너,,6900,,
1427,241,리본 패스츄리,,0,,
1428,241,마롱(밤) 아인슈페너,,6900,,
1429,241,"굳즈(티셔츠,에코백)",,0,,
1430,241,뱅쇼,,6900,,
1431,241,뺑오쇼콜라,,4200,,
1432,241,콜드브루,,5200,,
1433,241,스칼렛,,6500,,
1434,242,88Plus,88점이상의 스페셜티 커피를 의미하는 88plus는 서로 다른 형태의 도자기에 제공합니다.,0,,
1435,242,아마레또 카푸치노,이탈리아에서부터 시작한 아마레또는 커피와 만나 익숙하지만 새로운 맛을 선사합니다.,6000,,
1436,242,카라멜 라떼,설탕을 졸이고 버터와 두가지 종류의 크림을 이용해 만든 만든 수제 카라멜 라떼,6000,,
1437,242,아메리카노,,4500,,
1438,243,아메리카노,,4000,,
1439,243,아인슈페너 (iced only),,5500,,
1440,244,1리터카페라떼 할인9500>8500,,8500,,
1441,244,1리터아메리카노 할인7500>6000,,6000,,
1442,244,ICE 카모마일 티,,4500,,
1443,244,HOT 카모마일 티,,4500,,
1444,244,ICE 피치우롱 티,,4500,,
1445,244,HOT 피치우롱 티,,4500,,
1446,244,ICE 수제카라멜마끼아또 (디카페인),,5000,,
1447,244,HOT 수제카라멜마끼아또 (디카페인),,5000,,
1448,244,ICE 수제카라멜 마끼아또,,5000,,
1449,244,HOT 수제카라멜 마끼아또,,5000,,
1450,244,ICE 카페모카 (디카페인),,5000,,
1451,244,HOT 카페모카 (디카페인),,5000,,
1452,244,ICE 카페모카,,5000,,
1453,244,HOT 카페모카,,5000,,
1454,244,ICE 바닐라라떼 (디카페인),,4800,,
1455,244,HOT 바닐라라떼 (디카페인),,4800,,
1456,244,ICE 바닐라라떼,,4800,,
1457,244,HOT 바닐라라떼,,4800,,
1458,244,ICE 카페라떼 (디카페인),,4500,,
1459,244,HOT 카페라떼 (디카페인),,4500,,
1460,244,ICE 카페라떼,,4500,,
1461,244,HOT 카페라뗴,,4500,,
1462,245,카페라떼,,5000,,
1463,245,카푸치노,,5000,,
1464,246,취향 존중 아메리카노,"구수한 / 깔끔한 / 화사한 / 특별한
개인의 취향을 존중하는
다양한 맛의 아메리카노",0,,
